country,year,Medical doctors (per 10 000 population)
Afghanistan,2016,
Afghanistan,2015,2.782
Afghanistan,2014,2.85
Afghanistan,2013,2.983
Afghanistan,2012,2.846
Afghanistan,2011,2.414
Afghanistan,2010,2.518
Afghanistan,2009,2.365
Afghanistan,2008,2.126
Afghanistan,2007,1.744
Afghanistan,2006,1.743
Afghanistan,2001,1.596
Albania,2016,1.899
Albania,2013,12.164
Albania,2012,12.773
Albania,2011,12.683
Albania,2010,12.217
Albania,2009,12.347
Albania,2007,12.297
Albania,2006,11.951
Albania,2004,11.838
Albania,2003,11.913
Albania,2002,11.863
Albania,2001,11.695
Albania,2000,13.1
Albania,1998,13.821
Albania,1997,13.904
Albania,1996,13.885
Albania,1995,13.806
Albania,1994,13.634
Albania,1993,13.45
Albania,1992,14.131
Albania,1991,16.217
Albania,1990,14.611
Albania,1989,13.743
Algeria,2018,
Algeria,2017,17.193
Algeria,2016,17.879
Algeria,2007,18.325
Algeria,2005,11.958
Algeria,2002,10.242
Andorra,2015,11.103
Andorra,2009,33.333
Andorra,2007,31.479
Andorra,2006,30.109
Andorra,2005,30.123
Andorra,2004,32.319
Andorra,2003,31.324
Andorra,2002,33.333
Andorra,2001,29
Andorra,2000,26.003
Andorra,1998,25.688
Andorra,1997,25.273
Andorra,1995,24.572
Angola,2017,22.379
Angola,2009,2.146
Angola,2004,1.313
Angola,1997,0.621
Antigua and Barbuda,2017,0.592
Antigua and Barbuda,2008,29.56
Antigua and Barbuda,2007,5.269
Antigua and Barbuda,1999,17.143
Argentina,2017,1.606
Argentina,2016,39.901
Argentina,2013,40.013
Argentina,2004,39.385
Argentina,2001,31.857
Argentina,1998,32.481
Argentina,1992,30.169
Armenia,2017,26.484
Armenia,2015,44.023
Armenia,2014,29.143
Armenia,2013,28.928
Armenia,2012,29.031
Armenia,2011,28.968
Armenia,2010,28.677
Armenia,2009,28.419
Armenia,2008,27.679
Armenia,2007,27.432
Armenia,2006,26.724
Armenia,2005,25.897
Armenia,2004,25.643
Armenia,2003,24.604
Armenia,2002,24.563
Armenia,2001,25.633
Armenia,2000,26.187
Armenia,1999,27.007
Armenia,1998,6.928
Armenia,1997,6.73
Armenia,1996,6.533
Armenia,1995,6.625
Armenia,1994,6.86
Armenia,1993,6.956
Armenia,1992,7.187
Armenia,1991,7.415
Armenia,1990,7.386
Armenia,1989,7.47
Armenia,1988,
Armenia,1987,
Armenia,1986,
Armenia,1985,
Armenia,1984,
Armenia,1983,
Armenia,1982,
Armenia,1981,
Armenia,1980,
Australia,2017,
Australia,2016,36.778
Australia,2015,35.672
Australia,2014,34.886
Australia,2013,34.314
Australia,2012,33.53
Australia,2011,32.858
Australia,2010,32.878
Australia,2009,33.429
Australia,2008,31.085
Australia,2007,30.056
Australia,2006,29.954
Australia,2005,28.338
Australia,2001,27.794
Australia,1996,24.942
Austria,2017,25.313
Austria,2016,51.697
Austria,2015,51.234
Austria,2014,51.035
Austria,2013,50.359
Austria,2012,49.744
Austria,2011,48.859
Austria,2010,48.398
Austria,2009,48.016
Austria,2008,47.06
Austria,2007,46.169
Austria,2006,45.528
Austria,2005,44.684
Austria,2004,43.355
Austria,2003,42.095
Austria,2002,41.173
Austria,2001,40.337
Austria,2000,39.616
Austria,1999,38.492
Austria,1998,37.613
Austria,1997,37.642
Austria,1996,36.383
Austria,1995,35.622
Austria,1994,34.932
Austria,1993,34.028
Austria,1992,33.018
Austria,1991,32.174
Austria,1990,30.813
Austria,1989,29.909
Austria,1988,
Austria,1987,
Austria,1986,
Austria,1985,
Austria,1984,
Austria,1983,
Austria,1982,
Austria,1981,
Austria,1980,
Azerbaijan,2014,
Azerbaijan,2013,34.46
Azerbaijan,2012,34.558
Azerbaijan,2011,34.901
Azerbaijan,2010,34.376
Azerbaijan,2009,36.629
Azerbaijan,2008,36.751
Azerbaijan,2007,36.844
Azerbaijan,2006,37.124
Azerbaijan,2005,35.649
Azerbaijan,2004,35.819
Azerbaijan,2003,35.568
Azerbaijan,2002,35.505
Azerbaijan,2001,35.618
Azerbaijan,2000,35.48
Azerbaijan,1999,35.743
Azerbaijan,1998,35.367
Azerbaijan,1997,35.641
Azerbaijan,1996,36.43
Azerbaijan,1995,37.171
Azerbaijan,1994,37.576
Azerbaijan,1993,37.507
Azerbaijan,1992,38.021
Azerbaijan,1991,37.711
Azerbaijan,1990,38.232
Bahamas,2017,37.959
Bahamas,2011,20.068
Bahamas,2008,23.081
Bahamas,1998,27.553
Bahrain,2015,10.736
Bahrain,2014,9.257
Bahrain,2013,9.573
Bahrain,2012,9.536
Bahrain,2011,9.57
Bahrain,2010,9.451
Bahrain,2009,9.493
Bahrain,2008,9.695
Bahrain,2007,9.896
Bahrain,2006,10.155
Bahrain,2005,10.142
Bahrain,2004,10.436
Bahrain,2003,9.677
Bahrain,2002,10.479
Bahrain,2001,10.774
Bahrain,2000,10.636
Bangladesh,2018,10.202
Bangladesh,2017,5.809
Bangladesh,2016,5.433
Bangladesh,2015,4.974
Bangladesh,2014,4.858
Bangladesh,2013,4.887
Bangladesh,2012,4.218
Bangladesh,2011,4.001
Bangladesh,2010,3.839
Bangladesh,2009,3.635
Bangladesh,2008,3.544
Bangladesh,2007,3.42
Bangladesh,2006,3.293
Bangladesh,2005,3.167
Bangladesh,2004,3.084
Bangladesh,2003,2.809
Bangladesh,2001,2.714
Barbados,2017,2.498
Barbados,2005,24.843
Barbados,2001,17.698
Barbados,2000,15.413
Barbados,1995,13.444
Belarus,2015,13.459
Belarus,2014,51.905
Belarus,2013,50.12
Belarus,2012,48.534
Belarus,2011,48.352
Belarus,2010,47.611
Belarus,2009,32.498
Belarus,2008,32.845
Belarus,2007,31.477
Belarus,2006,35.306
Belarus,2005,33.795
Belarus,2004,33.145
Belarus,2003,33.02
Belarus,2002,33.184
Belarus,2001,32.988
Belarus,2000,32.801
Belarus,1999,32.998
Belarus,1998,32.903
Belarus,1997,32.26
Belarus,1996,31.61
Belarus,1995,31.175
Belarus,1994,30.496
Belarus,1993,30.191
Belarus,1992,29.571
Belarus,1991,29.409
Belarus,1990,28.961
Belarus,1989,29.109
Belarus,1988,
Belarus,1987,
Belarus,1986,
Belarus,1985,
Belarus,1984,
Belarus,1983,
Belarus,1982,
Belarus,1981,
Belarus,1980,
Belgium,2017,
Belgium,2016,30.709
Belgium,2015,30.679
Belgium,2014,30.138
Belgium,2013,29.723
Belgium,2012,29.585
Belgium,2011,29.393
Belgium,2010,29.219
Belgium,2009,29.085
Belgium,2008,29.078
Belgium,2007,29.021
Belgium,2006,28.855
Belgium,2005,28.664
Belgium,2004,28.521
Belgium,2003,28.522
Belgium,2002,28.454
Belgium,2001,28.497
Belgium,2000,28.397
Belgium,1999,28.204
Belize,2017,27.929
Belize,2014,11.229
Belize,2012,5.659
Belize,2009,11.45
Belize,2000,7.658
Benin,2018,10.15
Benin,2016,0.791
Benin,2013,0.481
Benin,2012,1.849
Benin,2011,1.646
Benin,2010,0.577
Benin,2008,0.558
Benin,2004,0.623
Bhutan,2018,0.401
Bhutan,2017,4.242
Bhutan,2016,4.024
Bhutan,2015,4.059
Bhutan,2014,3.448
Bhutan,2013,3.393
Bhutan,2012,2.858
Bhutan,2008,2.765
Bhutan,2007,2.546
Bhutan,2004,2.166
Bolivia (Plurinational State of),2016,1.847
Bolivia (Plurinational State of),2011,15.901
Bolivia (Plurinational State of),2010,4.671
Bolivia (Plurinational State of),2007,4.385
Bolivia (Plurinational State of),2001,3.316
Bosnia and Herzegovina,2015,12.038
Bosnia and Herzegovina,2014,21.616
Bosnia and Herzegovina,2013,21.326
Bosnia and Herzegovina,2012,20.355
Bosnia and Herzegovina,2011,19.49
Bosnia and Herzegovina,2010,18.794
Bosnia and Herzegovina,2009,17.987
Bosnia and Herzegovina,2008,17.38
Bosnia and Herzegovina,2007,16.714
Bosnia and Herzegovina,2006,16.429
Bosnia and Herzegovina,2005,15.754
Bosnia and Herzegovina,2004,15.332
Bosnia and Herzegovina,2003,15.09
Bosnia and Herzegovina,2002,14.776
Bosnia and Herzegovina,2001,14.478
Bosnia and Herzegovina,2000,14.499
Bosnia and Herzegovina,1991,14.547
Bosnia and Herzegovina,1990,16.083
Bosnia and Herzegovina,1989,15.755
Bosnia and Herzegovina,1988,
Botswana,2016,
Botswana,2012,5.269
Botswana,2011,4.015
Botswana,2010,4.064
Botswana,2009,4.122
Botswana,2008,3.547
Botswana,2007,3.738
Botswana,2006,3.78
Botswana,2005,3.219
Botswana,2004,2.59
Botswana,2003,4.05
Botswana,2002,3.033
Botswana,2001,3.144
Botswana,2000,3.045
Botswana,1999,3.037
Botswana,1998,3.148
Brazil,2018,2.691
Brazil,2017,21.643
Brazil,2013,21.652
Brazil,2011,18.82
Brazil,2010,18.491
Brazil,2009,18.139
Brazil,2008,18.171
Brazil,2007,17.802
Brazil,2006,17.306
Brazil,2005,17.007
Brazil,2004,16.663
Brazil,2003,15.87
Brazil,2002,14.75
Brazil,2001,14.181
Brazil,2000,13.895
Brazil,1999,11.337
Brazil,1998,13.734
Brazil,1997,12.759
Brazil,1996,12.91
Brazil,1995,12.555
Brazil,1994,12.25
Brazil,1993,11.952
Brazil,1992,11.672
Brazil,1990,11.399
Brunei Darussalam,2017,10.864
Brunei Darussalam,2015,16.09
Brunei Darussalam,2014,17.812
Brunei Darussalam,2013,15.105
Brunei Darussalam,2012,16.222
Brunei Darussalam,2011,14.937
Brunei Darussalam,2010,15.443
Brunei Darussalam,2009,14.488
Brunei Darussalam,2008,11.592
Brunei Darussalam,2007,14.866
Brunei Darussalam,2006,10.48
Brunei Darussalam,2005,10.775
Brunei Darussalam,2004,10.682
Brunei Darussalam,2002,12.883
Brunei Darussalam,2000,11.534
Bulgaria,2015,10.084
Bulgaria,2014,40.332
Bulgaria,2013,39.75
Bulgaria,2012,39.63
Bulgaria,2011,38.995
Bulgaria,2010,38.467
Bulgaria,2009,37.661
Bulgaria,2008,37.401
Bulgaria,2007,36.488
Bulgaria,2006,36.8
Bulgaria,2005,36.805
Bulgaria,2004,36.651
Bulgaria,2003,35.387
Bulgaria,2002,36.042
Bulgaria,2001,35.199
Bulgaria,2000,34.279
Bulgaria,1998,34.416
Bulgaria,1997,34.993
Bulgaria,1996,34.895
Bulgaria,1995,35.687
Bulgaria,1994,34.691
Bulgaria,1993,33.15
Bulgaria,1992,33.182
Bulgaria,1991,31.164
Bulgaria,1990,30.524
Bulgaria,1989,32.231
Bulgaria,1988,
Burkina Faso,2017,
Burkina Faso,2016,0.847
Burkina Faso,2015,0.645
Burkina Faso,2014,0.657
Burkina Faso,2013,0.487
Burkina Faso,2012,0.47
Burkina Faso,2011,0.475
Burkina Faso,2010,0.386
Burkina Faso,2009,0.457
Burkina Faso,2008,0.446
Burkina Faso,2004,0.322
Burundi,2017,0.543
Burundi,2015,1.001
Burundi,2014,0.5
Burundi,2013,0.619
Burundi,2012,0.581
Burundi,2011,0.539
Burundi,2010,0.399
Burundi,2004,0.482
Cabo Verde,2015,0.28
Cabo Verde,2013,7.814
Cabo Verde,2012,6.019
Cabo Verde,2011,5.146
Cabo Verde,2010,5.853
Cabo Verde,2009,5.928
Cambodia,2014,5.157
Cambodia,2013,1.927
Cambodia,2012,4.758
Cambodia,2011,1.651
Cambodia,2010,2.263
Cambodia,2009,2.302
Cambodia,2008,2.378
Cambodia,2000,2.444
Cambodia,1998,1.684
Cambodia,1996,1.475
Cameroon,2011,1.135
Cameroon,2010,0.881
Cameroon,2009,0.842
Cameroon,2007,0.68
Cameroon,2005,0.704
Cameroon,2004,0.592
Canada,2016,1.81
Central African Republic,2015,23.105
Central African Republic,2009,0.721
Central African Republic,2008,0.473
Central African Republic,2004,0.405
Chad,2017,0.836
Chad,2016,0.434
Chad,2015,0.471
Chad,2014,0.493
Chad,2013,0.445
Chad,2012,0.433
Chad,2006,0.413
Chad,2004,0.352
Chad,2000,0.354
Chad,1999,0.281
Chad,1998,0.288
Chad,1997,0.201
Chile,2018,0.26
Chile,2017,25.912
Chile,2016,24.411
Chile,2015,22.937
Chile,2014,21.47
Chile,2013,20.278
Chile,2012,18.806
Chile,2011,17.471
Chile,2010,15.854
Chile,2009,14.333
Chile,2008,10.294
Chile,2007,10.389
Chile,2006,10.365
Chile,2005,10.404
Chile,2004,9.804
Chile,2003,9.842
Chile,2002,9.466
Chile,1992,8.921
China,2017,9.949
China,2016,19.798
China,2015,18.647
China,2014,17.732
China,2013,16.877
China,2012,16.332
China,2011,15.367
China,2010,14.637
China,2009,14.532
China,2008,13.922
China,2007,13.166
China,2006,12.676
China,2005,12.47
China,2002,12.127
China,2000,11.134
China,1999,12.356
China,1998,12.12
China,1997,11.839
China,1996,11.865
China,1995,11.725
China,1990,11.664
China,1985,11.015
China,1980,
China,1978,
Colombia,2018,
Colombia,2017,21.848
Colombia,2016,21.064
Colombia,2015,20.335
Colombia,2014,19.742
Colombia,2013,18.534
Colombia,2011,18.431
Colombia,2010,16.966
Colombia,2009,15.917
Colombia,2008,15.668
Colombia,2007,15.428
Colombia,2006,15.192
Colombia,2005,14.959
Colombia,2002,14.727
Colombia,1999,14.376
Colombia,1998,13.276
Colombia,1997,12.964
Colombia,1996,12.632
Colombia,1994,12.306
Colombia,1993,11.743
Colombia,1992,11.469
Colombia,1991,11.057
Colombia,1990,10.613
Colombia,1989,10.145
Colombia,1988,
Colombia,1987,
Colombia,1986,
Colombia,1985,
Colombia,1984,
Comoros,2016,
Comoros,2012,2.715
Comoros,2009,1.699
Comoros,2005,1.901
Comoros,2004,1.897
Congo,2011,1.926
Congo,2010,1.645
Congo,2007,1.156
Congo,2006,1.035
Congo,2004,2.088
Congo,1998,2.154
Cook Islands,2014,7.301
Cook Islands,2009,14.124
Cook Islands,2004,12.903
Cook Islands,2001,10.582
Costa Rica,2018,7.778
Costa Rica,2017,28.939
Costa Rica,2016,29.533
Costa Rica,2015,13.759
Costa Rica,2014,13.794
Costa Rica,2013,26.434
Costa Rica,2012,11.411
Costa Rica,2011,24.578
Costa Rica,2010,23.721
Costa Rica,2009,23.057
Costa Rica,2008,22.178
Costa Rica,2007,21.577
Costa Rica,2006,20.905
Costa Rica,2000,20.415
Côte d'Ivoire,2014,13.133
Côte d'Ivoire,2011,2.314
Côte d'Ivoire,2008,1.531
Côte d'Ivoire,2005,1.401
Côte d'Ivoire,2004,0.925
Croatia,2016,1.158
Croatia,2015,29.996
Croatia,2014,31.728
Croatia,2013,31.258
Croatia,2012,30.178
Croatia,2011,29.731
Croatia,2010,28.958
Croatia,2009,28.428
Croatia,2008,27.211
Croatia,2007,27.113
Croatia,2006,27.047
Croatia,2005,25.739
Croatia,2004,25.353
Croatia,2003,25.304
Croatia,2002,24.653
Croatia,2001,24.089
Croatia,2000,23.938
Croatia,1999,23.574
Croatia,1998,25.007
Croatia,1997,25.971
Croatia,1996,27.458
Croatia,1995,27.253
Croatia,1994,27.192
Croatia,1993,27.41
Croatia,1992,27.459
Croatia,1991,27.167
Croatia,1990,26.746
Croatia,1989,29.69
Croatia,1988,
Croatia,1987,
Croatia,1986,
Croatia,1985,
Cuba,2018,
Cuba,2017,84.218
Cuba,2016,82.95
Cuba,2015,79.541
Cuba,2014,77.69
Cuba,2013,75.673
Cuba,2012,74.183
Cuba,2011,72.901
Cuba,2010,69.969
Cuba,2009,68.152
Cuba,2008,66.698
Cuba,2007,66.345
Cuba,2006,64.363
Cuba,2005,63.483
Cuba,2004,62.686
Cuba,2003,61.965
Cuba,2002,60.572
Cuba,2001,59.894
Cuba,2000,59.406
Cuba,1999,59.316
Cuba,1998,58.516
Cuba,1997,57.509
Cuba,1996,56.984
Cuba,1995,54.966
Cuba,1994,52.2
Cuba,1993,49.882
Cuba,1992,47.311
Cuba,1991,43.646
Cuba,1990,39.944
Cuba,1985,36.51
Cuba,1980,
Cuba,1975,
Cyprus,2016,
Cyprus,2015,19.509
Cyprus,2014,26.236
Cyprus,2013,24.993
Cyprus,2012,24.076
Cyprus,2011,22.96
Cyprus,2010,22.484
Cyprus,2009,21.562
Cyprus,2008,21.064
Cyprus,2007,20.507
Cyprus,2006,20.147
Cyprus,2005,18.374
Cyprus,2004,18.965
Cyprus,2003,19.121
Cyprus,2002,18.619
Cyprus,2001,18.782
Cyprus,2000,19.15
Cyprus,1998,19.082
Cyprus,1997,18.939
Cyprus,1996,18.907
Cyprus,1995,18.834
Cyprus,1994,18.787
Cyprus,1993,18.253
Cyprus,1992,17.599
Cyprus,1991,17.087
Cyprus,1990,16.154
Cyprus,1989,15.627
Cyprus,1988,
Cyprus,1987,
Cyprus,1986,
Cyprus,1985,
Cyprus,1980,
Cyprus,1976,
Czechia,2018,
Czechia,2017,41.208
Czechia,2016,40.676
Czechia,2015,40.194
Czechia,2014,39.516
Czechia,2013,39.345
Czechia,2012,36.628
Czechia,2011,36.502
Czechia,2010,35.606
Czechia,2009,35.166
Czechia,2008,35.032
Czechia,2007,35.415
Czechia,2006,35.544
Czechia,2005,35.534
Czechia,2004,34.91
Czechia,2003,35.067
Czechia,2002,35.12
Czechia,2001,34.87
Czechia,2000,34.293
Czechia,1999,33.631
Czechia,1998,30.712
Czechia,1997,30.215
Czechia,1996,31.016
Czechia,1995,29.742
Czechia,1994,29.872
Czechia,1993,29.25
Czechia,1992,28.564
Czechia,1991,26.702
Czechia,1990,26.652
Czechia,1989,27.112
Czechia,1988,
Czechia,1987,
Czechia,1986,
Czechia,1985,
Czechia,1984,
Czechia,1983,
Czechia,1982,
Czechia,1981,
Czechia,1980,
Democratic People's Republic of Korea,2017,
Democratic People's Republic of Korea,2016,36.834
Democratic People's Republic of Korea,2014,37.011
Democratic People's Republic of Korea,2012,35.055
Democratic People's Republic of Korea,2008,34.463
Democratic People's Republic of Korea,2003,32.88
Democratic Republic of the Congo,2016,31.686
Democratic Republic of the Congo,2013,0.74
Democratic Republic of the Congo,2009,0.899
Denmark,2016,0.934
Denmark,2015,40.099
Denmark,2014,39.257
Denmark,2013,38.632
Denmark,2012,38.335
Denmark,2011,38.243
Denmark,2010,37.808
Denmark,2009,37.211
Denmark,2008,36.488
Denmark,2007,35.768
Denmark,2006,34.527
Denmark,2005,34.192
Denmark,2004,33.333
Denmark,2003,32.276
Denmark,2002,30.83
Denmark,2001,30.383
Denmark,2000,29.333
Denmark,1999,29.119
Denmark,1998,28.829
Denmark,1997,28.571
Denmark,1996,27.8
Denmark,1995,27.036
Denmark,1994,26.827
Denmark,1993,26.406
Denmark,1992,26.141
Denmark,1991,25.974
Denmark,1990,24.309
Denmark,1989,24.952
Denmark,1988,
Denmark,1987,
Denmark,1986,
Denmark,1985,
Denmark,1984,
Denmark,1983,
Denmark,1982,
Denmark,1981,
Denmark,1980,
Djibouti,2014,
Djibouti,2006,2.237
Djibouti,2005,2.328
Djibouti,2004,1.788
Djibouti,1999,1.672
Dominica,2017,1.329
Dominica,2001,11.189
Dominica,1997,17.791
Dominican Republic,2011,5.382
Dominican Republic,2008,15.268
Dominican Republic,2000,10.98
Ecuador,2016,18.498
Ecuador,2015,20.368
Ecuador,2011,20.648
Ecuador,2010,16.582
Ecuador,2009,21.111
Ecuador,2003,15.983
Ecuador,2002,14.974
Ecuador,2001,15.667
Ecuador,2000,15.439
Ecuador,1999,14.459
Ecuador,1998,13.724
Ecuador,1997,13.13
Ecuador,1996,13.275
Ecuador,1995,13.149
Ecuador,1994,12.458
Ecuador,1993,12.733
Ecuador,1992,11.083
Ecuador,1991,11.994
Ecuador,1990,11.654
Ecuador,1989,9.564
Ecuador,1988,
Ecuador,1987,
Ecuador,1986,
Ecuador,1985,
Ecuador,1984,
Ecuador,1983,
Ecuador,1982,
Ecuador,1981,
Egypt,2018,
Egypt,2017,4.521
Egypt,2016,7.993
Egypt,2015,8.214
Egypt,2014,8.217
Egypt,2003,11.38
El Salvador,2016,5.285
El Salvador,2008,15.662
El Salvador,2005,18.823
El Salvador,2002,17.11
El Salvador,1999,13.314
Equatorial Guinea,2017,12.435
Equatorial Guinea,2004,4.017
Eritrea,2016,2.134
Eritrea,2004,0.628
Estonia,2018,0.79
Estonia,2017,44.833
Estonia,2016,34.629
Estonia,2015,34.546
Estonia,2014,34.152
Estonia,2013,33.564
Estonia,2012,33.318
Estonia,2011,32.822
Estonia,2010,32.929
Estonia,2009,32.422
Estonia,2008,32.767
Estonia,2007,33.348
Estonia,2006,32.508
Estonia,2005,31.762
Estonia,2004,31.43
Estonia,2003,31.791
Estonia,2002,31.153
Estonia,2001,30.867
Estonia,2000,30.502
Estonia,1999,31.242
Estonia,1998,31.386
Estonia,1997,30.788
Estonia,1996,32.156
Estonia,1995,31.438
Estonia,1994,31.996
Estonia,1993,32.119
Estonia,1992,32.202
Estonia,1991,32.904
Estonia,1990,35.654
Estonia,1989,35.127
Estonia,1988,
Eswatini,2017,
Eswatini,2016,
Eswatini,2011,3.285
Eswatini,2009,1.017
Eswatini,2004,1.636
Eswatini,2003,1.666
Eswatini,2001,1.564
Ethiopia,2018,1.766
Ethiopia,2017,0.769
Ethiopia,2016,0.986
Ethiopia,2009,0.464
Ethiopia,2008,0.252
Ethiopia,2007,0.251
Ethiopia,2006,0.224
Ethiopia,2005,0.269
Ethiopia,2004,0.321
Ethiopia,2003,0.269
Fiji,2015,0.268
Fiji,2013,8.6
Fiji,2009,8.156
Fiji,2008,4.358
Fiji,2007,3.986
Fiji,2003,
Fiji,1999,4.656
Finland,2016,3.361
Finland,2015,38.118
Finland,2014,33.309
Finland,2013,33.922
Finland,2012,32.966
Finland,2011,32.854
Finland,2010,31.221
Finland,2009,32.653
Finland,2008,30.861
Finland,2007,30.618
Finland,2006,30.351
Finland,2005,30.262
Finland,2004,29.913
Finland,2003,29.509
Finland,2002,29.215
Finland,2001,28.92
Finland,2000,28.563
Finland,1999,28.541
Finland,1994,27.589
Finland,1993,32.071
Finland,1992,31.301
Finland,1991,30.55
Finland,1990,29.82
Finland,1989,28.922
Finland,1988,
France,2018,
France,2017,32.672
France,2016,32.565
France,2015,32.376
France,2014,32.239
France,2013,32.115
France,2012,31.948
France,2011,31.745
France,2010,31.622
France,2009,33.736
France,2008,33.693
France,2007,34.156
France,2006,34.189
France,2005,34.357
France,2004,34.41
France,2003,34.395
France,2002,34.238
France,2001,34.105
France,2000,33.871
France,1999,33.547
France,1998,33.345
France,1997,33.337
France,1996,33.215
France,1995,33.038
France,1994,32.852
France,1993,32.66
France,1992,32.33
France,1991,32.066
France,1990,31.557
Gabon,2017,31.043
Gabon,2016,6.819
Gabon,2008,3.561
Gabon,2004,0.968
Gabon,1995,2.918
Gabon,1994,2.959
Gabon,1993,2.62
Gabon,1991,2.185
Gambia,2015,1.937
Gambia,2008,1.021
Gambia,2007,1.036
Gambia,2006,0.97
Gambia,2005,1.1
Gambia,2004,1.075
Gambia,2003,1.109
Georgia,2018,1.076
Georgia,2017,71.201
Georgia,2016,61.297
Georgia,2015,59.973
Georgia,2014,50.055
Georgia,2013,47.754
Georgia,2012,45.145
Georgia,2011,44.868
Georgia,2010,45.004
Georgia,2009,44.466
Georgia,2008,42.219
Georgia,2007,40.001
Georgia,2006,39.027
Georgia,2005,38.683
Georgia,2004,38.164
Georgia,2003,38.009
Georgia,2002,38.267
Georgia,2001,38.069
Georgia,2000,37.156
Georgia,1999,38.371
Georgia,1998,38.719
Georgia,1997,38.036
Georgia,1996,36.517
Germany,2017,30.644
Germany,2016,42.488
Germany,2015,41.944
Germany,2014,41.342
Germany,2013,40.846
Germany,2012,40.087
Germany,2011,39.197
Germany,2010,38.491
Germany,2009,37.567
Germany,2008,36.638
Germany,2007,35.863
Germany,2006,35.287
Germany,2005,34.748
Germany,2004,34.314
Germany,2003,34.104
Germany,2002,33.896
Germany,2001,33.6
Germany,2000,33.29
Germany,1999,32.785
Germany,1998,32.24
Germany,1997,31.871
Germany,1996,31.407
Germany,1995,31.23
Germany,1994,30.745
Germany,1993,30.112
Germany,1992,29.418
Germany,1991,28.498
Ghana,2017,27.732
Ghana,2016,1.359
Ghana,2013,1.27
Ghana,2012,
Ghana,2011,0.956
Ghana,2010,0.979
Ghana,2009,0.938
Ghana,2008,0.841
Ghana,2007,0.787
Ghana,2004,0.725
Greece,2017,1.523
Greece,2016,54.789
Greece,2015,54.036
Greece,2014,52.527
Greece,2013,52.167
Greece,2012,42.155
Greece,2011,41.343
Greece,2010,40.414
Greece,2009,39.442
Greece,2008,38.709
Greece,2007,37.576
Greece,2006,36.707
Greece,2005,34.833
Greece,2004,33.84
Greece,2003,48.013
Greece,2002,46.551
Greece,2001,45.024
Greece,2000,43.059
Greece,1999,42.637
Greece,1998,41.825
Greece,1997,40.795
Greece,1996,39.455
Greece,1995,38.322
Greece,1994,38.342
Greece,1993,38.034
Greece,1992,38.083
Greece,1991,37.176
Greece,1990,36.1
Greece,1989,33.577
Greece,1988,
Grenada,2017,
Grenada,2006,14.067
Grenada,2003,6.578
Grenada,2002,5.577
Grenada,2001,5.598
Grenada,2000,5.62
Grenada,1999,5.642
Grenada,1997,5.762
Guatemala,2018,4.035
Guatemala,2009,3.549
Guatemala,1999,9.039
Guinea,2016,8.751
Guinea,2015,0.832
Guinea,2005,0.855
Guinea,2004,1.032
Guinea,2000,1.106
Guinea-Bissau,2016,0.927
Guinea-Bissau,2015,1.274
Guinea-Bissau,2011,2.038
Guinea-Bissau,2009,0.64
Guinea-Bissau,2008,0.836
Guinea-Bissau,2004,0.539
Guyana,2018,1.431
Guyana,2010,8.023
Guyana,2009,6.872
Guyana,2000,2.153
Haiti,2018,4.902
Haiti,2015,2.343
Haiti,2011,0.852
Haiti,1998,1.378
Honduras,2017,2.384
Honduras,2016,3.089
Honduras,2013,5.982
Honduras,2010,9.839
Honduras,2005,2.95
Honduras,2000,3.593
Hungary,2018,5.591
Hungary,2017,34.075
Hungary,2016,33.447
Hungary,2015,32.313
Hungary,2014,31.178
Hungary,2013,33.443
Hungary,2012,32.284
Hungary,2011,31.062
Hungary,2010,29.811
Hungary,2009,28.896
Hungary,2008,30.399
Hungary,2007,31.049
Hungary,2006,28.121
Hungary,2005,30.406
Hungary,2004,27.816
Hungary,2003,33.345
Hungary,2002,37.708
Hungary,2001,36.681
Hungary,2000,32.46
Hungary,1999,30.033
Hungary,1998,35.501
Hungary,1997,35.16
Hungary,1996,34.415
Hungary,1995,33.899
Hungary,1994,33.465
Hungary,1993,33.427
Hungary,1992,32.911
Hungary,1991,33.35
Hungary,1990,32.673
Iceland,2018,31.688
Iceland,2017,40.778
Iceland,2016,39.773
Iceland,2015,38.892
Iceland,2014,37.826
Iceland,2013,36.306
Iceland,2012,35.697
Iceland,2011,35.074
Iceland,2010,34.56
Iceland,2009,35.654
Iceland,2008,36.761
Iceland,2007,37.182
Iceland,2006,36.894
Iceland,2005,36.537
Iceland,2004,36.339
Iceland,2003,36.276
Iceland,2002,36.354
Iceland,2001,36.067
Iceland,2000,34.995
Iceland,1998,34.522
India,2018,5.667
India,2017,8.571
India,2016,7.779
India,2014,7.59
India,2012,7.247
India,2011,6.982
India,2010,7.376
India,2009,6.616
India,2008,6.22
India,2007,6.136
India,2006,5.984
India,2005,5.852
India,2004,5.758
India,2003,5.717
India,2002,5.627
India,2001,5.552
India,2000,5.368
India,1991,5.258
Indonesia,2018,12.208
Indonesia,2017,4.269
Indonesia,2015,3.767
Indonesia,2010,2.738
Indonesia,2009,1.395
Indonesia,2003,1.448
Indonesia,1993,1.339
Iran (Islamic Republic of),2018,0.58
Iran (Islamic Republic of),2017,15.844
Iran (Islamic Republic of),2015,11.292
Iran (Islamic Republic of),2014,11.526
Iran (Islamic Republic of),2006,15.044
Iran (Islamic Republic of),2005,5.361
Iran (Islamic Republic of),2004,8.869
Iraq,2018,8.817
Iraq,2017,7.079
Iraq,2016,8.375
Iraq,2014,8.536
Iraq,2010,10.364
Ireland,2018,6.636
Ireland,2017,33.125
Ireland,2016,32.946
Ireland,2015,32.323
Ireland,2014,31.498
Ireland,2013,30.292
Ireland,2012,39.314
Ireland,2011,39.423
Ireland,2010,40.938
Ireland,2009,41.326
Ireland,2008,40.388
Ireland,2007,40.144
Ireland,2006,38.986
Ireland,2005,36.638
Ireland,2004,35.427
Ireland,2003,27.454
Ireland,2002,25.803
Ireland,2001,24.166
Ireland,2000,23.856
Ireland,1999,22.304
Ireland,1998,22.696
Ireland,1997,21.97
Ireland,1996,21.366
Ireland,1995,21.058
Ireland,1994,21.054
Ireland,1993,19.981
Ireland,1992,20.333
Ireland,1991,20.103
Ireland,1990,17.042
Ireland,1989,15.523
Ireland,1988,
Israel,2018,
Israel,2017,46.249
Israel,2016,34.783
Israel,2015,34.632
Israel,2014,34.618
Israel,2013,34.669
Israel,2012,34.866
Israel,2011,35.075
Israel,2010,35.177
Israel,2009,35.191
Israel,2008,35.43
Israel,2007,35.637
Israel,2006,36.293
Israel,2005,36.935
Israel,2004,37.54
Israel,2003,38.126
Israel,2002,38.513
Israel,2001,38.51
Israel,2000,38.398
Israel,1999,38.22
Israel,1998,44.045
Israel,1997,43.788
Israel,1996,43.826
Israel,1995,43.527
Israel,1994,43.359
Israel,1993,43.472
Israel,1992,43.437
Israel,1991,43.503
Israel,1990,39.472
Israel,1989,37.131
Israel,1988,
Israel,1987,
Israel,1986,
Israel,1985,
Israel,1984,
Israel,1983,
Israel,1982,
Israel,1981,
Israel,1980,
Italy,2018,
Italy,2017,39.774
Italy,2016,39.805
Italy,2015,39.504
Italy,2014,38.479
Italy,2013,39.048
Italy,2012,39.044
Italy,2011,38.514
Italy,2010,38.846
Italy,2009,38.16
Italy,2008,37.898
Italy,2007,37.806
Italy,2006,37.751
Italy,2005,36.985
Italy,2004,37.017
Italy,2003,36.809
Italy,2002,36.149
Italy,2001,35.584
Italy,2000,35.129
Italy,1999,34.586
Italy,1998,59.882
Italy,1997,59.177
Italy,1996,58.366
Italy,1995,57.347
Italy,1994,56.73
Italy,1993,55.844
Italy,1992,54.781
Italy,1991,49.892
Italy,1990,48.488
Italy,1989,46.706
Italy,1988,
Jamaica,2017,
Jamaica,2016,13.061
Jamaica,2015,4.549
Jamaica,2014,4.147
Jamaica,2013,3.798
Jamaica,2012,4.677
Jamaica,2008,3.54
Jamaica,2003,3.965
Japan,2016,8.315
Japan,2014,24.115
Japan,2012,23.413
Japan,2010,22.74
Japan,2008,22.059
Japan,2006,21.394
Japan,2004,20.746
Japan,2002,21.089
Japan,2000,20.54
Japan,1998,20.058
Japan,1996,19.558
Japan,1994,19.022
Japan,1992,18.287
Japan,1990,17.53
Japan,1988,17.011
Japan,1986,
Japan,1984,
Japan,1982,
Japan,1980,
Jordan,2017,
Jordan,2016,23.237
Jordan,2015,13.954
Jordan,2014,28.078
Jordan,2013,22.038
Jordan,2010,21.947
Jordan,2009,22.326
Jordan,2008,21.287
Jordan,2007,22.231
Jordan,2006,24.426
Jordan,2005,22.911
Jordan,2004,22.39
Jordan,2003,20.426
Jordan,2002,22.773
Jordan,2001,22.031
Jordan,2000,20.369
Jordan,1999,18.692
Jordan,1998,19.25
Kazakhstan,2014,9.889
Kazakhstan,2013,39.8
Kazakhstan,2012,39.508
Kazakhstan,2011,39.108
Kazakhstan,2010,39.483
Kazakhstan,2009,39.278
Kazakhstan,2008,37.808
Kazakhstan,2007,37.161
Kazakhstan,2006,36.547
Kazakhstan,2005,36.983
Kazakhstan,2004,36.038
Kazakhstan,2003,35.907
Kazakhstan,2002,36.168
Kazakhstan,2001,35.83
Kazakhstan,2000,34.399
Kazakhstan,1999,32.804
Kazakhstan,1998,33.66
Kazakhstan,1997,35.01
Kazakhstan,1996,33.752
Kazakhstan,1995,37.066
Kazakhstan,1994,37.959
Kazakhstan,1993,38.01
Kazakhstan,1992,39.839
Kazakhstan,1991,40.668
Kazakhstan,1990,39.404
Kazakhstan,1989,40.453
Kazakhstan,1988,
Kazakhstan,1987,
Kazakhstan,1986,
Kazakhstan,1985,
Kazakhstan,1984,
Kazakhstan,1983,
Kazakhstan,1982,
Kazakhstan,1981,
Kazakhstan,1980,
Kenya,2018,
Kenya,2014,1.565
Kenya,2013,1.959
Kenya,2012,1.907
Kenya,2011,1.825
Kenya,2010,1.748
Kenya,2009,1.696
Kenya,2008,1.686
Kenya,2002,1.664
Kiribati,2013,1.335
Kiribati,2011,2.039
Kiribati,2010,1.433
Kiribati,2008,3.984
Kuwait,2015,2.53
Kuwait,2014,26.463
Kuwait,2013,26.522
Kuwait,2012,25.332
Kuwait,2011,24.662
Kuwait,2010,24.56
Kuwait,2009,24.296
Kuwait,2008,18.929
Kuwait,2007,18.806
Kuwait,2006,18.814
Kyrgyzstan,2014,14.543
Kyrgyzstan,2013,22.13
Kyrgyzstan,2012,22.614
Kyrgyzstan,2011,22.623
Kyrgyzstan,2010,22.86
Kyrgyzstan,2009,23.394
Kyrgyzstan,2008,23.409
Kyrgyzstan,2007,23.528
Kyrgyzstan,2006,23.58
Kyrgyzstan,2005,24.489
Kyrgyzstan,2004,25.167
Kyrgyzstan,2003,25.61
Kyrgyzstan,2002,25.735
Kyrgyzstan,2001,25.862
Kyrgyzstan,2000,26.959
Kyrgyzstan,1999,28.043
Kyrgyzstan,1998,29.033
Kyrgyzstan,1997,29.836
Kyrgyzstan,1996,30.503
Kyrgyzstan,1995,32.322
Kyrgyzstan,1994,31.486
Kyrgyzstan,1993,30.926
Kyrgyzstan,1992,31.335
Kyrgyzstan,1991,34.118
Kyrgyzstan,1990,34.741
Kyrgyzstan,1989,34.401
Kyrgyzstan,1988,
Kyrgyzstan,1987,
Kyrgyzstan,1986,
Kyrgyzstan,1985,
Kyrgyzstan,1984,
Kyrgyzstan,1983,
Kyrgyzstan,1982,
Kyrgyzstan,1980,
Lao People's Democratic Republic,2017,
Lao People's Democratic Republic,2014,3.726
Lao People's Democratic Republic,2013,4.949
Lao People's Democratic Republic,2012,4.493
Lao People's Democratic Republic,2010,1.8
Lao People's Democratic Republic,2009,7.809
Lao People's Democratic Republic,2005,1.97
Lao People's Democratic Republic,2004,2.806
Lao People's Democratic Republic,2000,3.532
Lao People's Democratic Republic,1995,2.85
Latvia,2017,3.417
Latvia,2016,31.905
Latvia,2015,31.885
Latvia,2014,31.656
Latvia,2013,31.724
Latvia,2012,31.408
Latvia,2011,30.913
Latvia,2010,30.837
Latvia,2009,30.757
Latvia,2008,31.485
Latvia,2007,32.424
Latvia,2006,31.464
Latvia,2005,30.196
Latvia,2004,29.432
Latvia,2003,35.486
Latvia,2002,34.188
Latvia,2001,33.959
Latvia,2000,32.832
Latvia,1999,34.116
Latvia,1998,33.391
Latvia,1997,32.767
Latvia,1996,34.219
Latvia,1995,34.803
Latvia,1994,33.482
Latvia,1993,34.133
Latvia,1992,36.199
Latvia,1991,40.839
Latvia,1990,46.063
Lebanon,2018,46.934
Lebanon,2017,21.038
Lebanon,2016,20.255
Lebanon,2015,20.115
Lebanon,2014,21.03
Lebanon,2013,20.735
Lebanon,2011,22.486
Lebanon,2010,26.201
Lebanon,2007,23.385
Lebanon,2006,23.464
Lebanon,2001,24.707
Lesotho,2010,28.827
Lesotho,2003,0.692
Liberia,2015,0.441
Liberia,2010,0.376
Liberia,2009,0.231
Liberia,2008,0.24
Liberia,2004,0.141
Libya,2017,0.328
Libya,2015,20.905
Libya,2014,18.943
Libya,2009,20.583
Libya,2008,19.578
Libya,2004,18.425
Libya,1997,12.381
Lithuania,2018,12.448
Lithuania,2017,63.528
Lithuania,2016,48.257
Lithuania,2015,47.346
Lithuania,2014,42.993
Lithuania,2013,42.507
Lithuania,2012,42.042
Lithuania,2011,41.384
Lithuania,2010,40.238
Lithuania,2009,34.144
Lithuania,2008,34.323
Lithuania,2007,34.53
Lithuania,2006,34.535
Lithuania,2005,34.223
Lithuania,2004,32.993
Lithuania,2003,32.93
Lithuania,2002,33.104
Lithuania,2001,33.067
Lithuania,2000,32.914
Lithuania,1999,32.954
Lithuania,1998,33.124
Lithuania,1997,33.144
Lithuania,1996,33.398
Lithuania,1995,33.09
Lithuania,1994,33.155
Lithuania,1993,33.219
Lithuania,1992,32.8
Luxembourg,2017,33.557
Luxembourg,2016,30.09
Luxembourg,2015,29.052
Luxembourg,2014,29.222
Luxembourg,2013,28.891
Luxembourg,2012,28.327
Luxembourg,2011,28.047
Luxembourg,2010,27.614
Luxembourg,2009,27.683
Luxembourg,2008,27.17
Luxembourg,2007,27.359
Luxembourg,2006,27.227
Luxembourg,2005,26.16
Madagascar,2014,25.994
Madagascar,2013,1.812
Madagascar,2012,1.534
Madagascar,2011,1.427
Madagascar,2010,1.44
Madagascar,2009,1.953
Madagascar,2008,1.813
Madagascar,2007,1.86
Madagascar,2006,1.813
Madagascar,2005,1.705
Madagascar,2004,1.801
Madagascar,2003,1.562
Madagascar,2002,1.476
Malawi,2018,1.362
Malawi,2016,0.358
Malawi,2009,0.165
Malawi,2008,0.188
Malawi,2004,0.187
Malaysia,2015,0.216
Malaysia,2012,15.358
Malaysia,2011,13.32
Malaysia,2010,12.777
Malaysia,2008,11.691
Malaysia,2002,9.216
Malaysia,2000,7.031
Maldives,2018,6.961
Maldives,2017,45.627
Maldives,2015,37.228
Maldives,2014,28.863
Maldives,2010,17.701
Maldives,2009,14.356
Maldives,2007,14.884
Maldives,2004,16.468
Maldives,1996,9.701
Maldives,1993,6.674
Maldives,1991,2.844
Maldives,1989,1.916
Mali,2018,
Mali,2016,1.286
Mali,2012,1.395
Mali,2011,1.071
Mali,2010,1.037
Mali,2009,1.021
Mali,2007,0.923
Mali,2004,0.776
Malta,2015,0.851
Malta,2014,28.598
Malta,2013,26.592
Malta,2012,24.595
Malta,2011,23.566
Malta,2010,22.384
Malta,2009,21.53
Malta,2008,19.169
Malta,2003,33.553
Malta,2002,31.28
Malta,2001,32.656
Malta,2000,30.81
Malta,1998,26.016
Malta,1997,25.407
Malta,1993,24.101
Malta,1992,24.542
Malta,1991,23.784
Malta,1990,23.973
Malta,1989,22.099
Malta,1988,
Marshall Islands,2012,
Marshall Islands,2011,4.233
Marshall Islands,2010,5.841
Marshall Islands,2007,5.674
Mauritania,2018,5.536
Mauritania,2017,1.865
Mauritania,2015,1.847
Mauritania,2014,1.71
Mauritania,2010,1.582
Mauritania,2009,1.565
Mauritania,2004,1.311
Mauritius,2018,1.065
Mauritius,2017,25.331
Mauritius,2016,23.147
Mauritius,2015,21.943
Mauritius,2014,20.246
Mauritius,2013,19.318
Mauritius,2012,16.296
Mauritius,2011,13.738
Mauritius,2010,14.467
Mauritius,2009,12.019
Mauritius,2008,11.857
Mauritius,2007,11.7
Mauritius,2004,11.549
Mexico,2017,10.718
Mexico,2016,23.827
Mexico,2015,23.244
Mexico,2014,23.246
Mexico,2013,22.07
Mexico,2012,21.568
Mexico,2011,21.118
Mexico,2010,21.004
Mexico,2009,22.362
Mexico,2008,19.79
Mexico,2007,19.494
Mexico,2006,19.215
Mexico,2005,18.81
Mexico,2000,17.651
Micronesia (Federated States of),2009,19.808
Micronesia (Federated States of),2008,1.942
Micronesia (Federated States of),2005,6.184
Micronesia (Federated States of),2003,5.844
Micronesia (Federated States of),2000,5.613
Monaco,2014,5.959
Monaco,2013,75.067
Monaco,2012,77.778
Monaco,2011,64.384
Monaco,1992,64.167
Monaco,1989,28.094
Mongolia,2016,
Mongolia,2015,28.592
Mongolia,2014,32.194
Mongolia,2013,31.632
Mongolia,2012,30.922
Mongolia,2011,30.435
Mongolia,2010,28.671
Mongolia,2009,27.564
Mongolia,2008,26.704
Mongolia,2002,28.816
Montenegro,2018,27.553
Montenegro,2015,27.557
Montenegro,2014,23.764
Montenegro,2013,21.861
Montenegro,2012,21.523
Montenegro,2011,20.387
Montenegro,2010,20.134
Montenegro,2009,20.439
Montenegro,2008,21.031
Montenegro,2007,21.117
Montenegro,2006,19.9
Montenegro,2005,19.922
Montenegro,2004,19.517
Montenegro,2003,19.363
Montenegro,2002,18.547
Montenegro,2001,19.009
Montenegro,2000,19.129
Montenegro,1999,18.84
Morocco,2017,18.578
Morocco,2014,7.308
Morocco,2013,9.135
Morocco,2009,6.32
Morocco,2007,6.477
Morocco,2004,5.862
Mozambique,2018,5.31
Mozambique,2017,0.838
Mozambique,2016,0.761
Mozambique,2015,0.497
Mozambique,2013,0.408
Mozambique,2012,0.568
Mozambique,2011,0.546
Mozambique,2010,0.524
Mozambique,2009,0.487
Mozambique,2006,0.455
Mozambique,2004,0.26
Myanmar,2018,0.258
Myanmar,2017,6.77
Myanmar,2016,8.638
Myanmar,2012,6.195
Myanmar,2011,5.802
Myanmar,2010,5.506
Myanmar,2009,5.224
Myanmar,2008,4.883
Myanmar,2007,4.748
Myanmar,2006,4.393
Myanmar,2005,4.158
Myanmar,2004,3.797
Myanmar,1988,3.663
Namibia,2018,
Namibia,2017,4.182
Namibia,2007,5.914
Namibia,2004,3.857
Nauru,2015,3.135
Nauru,2011,13.462
Nauru,2010,13.861
Nauru,2009,11
Nauru,2008,10.101
Nauru,2004,10.101
Nauru,1995,10.101
Nepal,2018,15.094
Nepal,2017,7.486
Nepal,2013,9.101
Nepal,2012,5.64
Nepal,2004,5.159
Netherlands,2017,2.118
Netherlands,2016,36.054
Netherlands,2015,35.47
Netherlands,2014,34.917
Netherlands,2013,33.468
Netherlands,2012,33.058
Netherlands,2011,32.463
Netherlands,2010,31.243
Netherlands,2009,29.516
Netherlands,2008,29.057
Netherlands,2007,28.49
Netherlands,2006,27.724
Netherlands,2005,27.791
Netherlands,2004,26.997
Netherlands,2003,26.469
Netherlands,2002,26.2
Netherlands,2001,25.815
Netherlands,2000,25.193
Netherlands,1999,24.427
Netherlands,1998,23.768
Netherlands,1990,
Netherlands,1989,25.032
Netherlands,1988,
Netherlands,1987,
Netherlands,1986,
Netherlands,1985,
Netherlands,1984,
Netherlands,1983,
Netherlands,1982,
Netherlands,1981,
Netherlands,1980,
New Zealand,2018,
New Zealand,2017,35.898
New Zealand,2016,34.728
New Zealand,2015,33.833
New Zealand,2014,32.961
New Zealand,2013,32.374
New Zealand,2012,32.303
New Zealand,2011,31.957
New Zealand,2010,31.731
New Zealand,2009,30.658
New Zealand,2008,30.477
New Zealand,2007,29.793
New Zealand,2006,29.1
New Zealand,2005,28.402
New Zealand,2002,27.942
New Zealand,2001,20.665
Nicaragua,2018,23.099
Nicaragua,2017,9.775
Nicaragua,2016,9.895
Nicaragua,2015,9.537
Nicaragua,2014,9.312
Nicaragua,2013,8.946
Nicaragua,2012,8.981
Nicaragua,2011,8.605
Nicaragua,2010,8.137
Nicaragua,2009,7.278
Nicaragua,2008,7.032
Nicaragua,2007,6.486
Nicaragua,2006,5.265
Nicaragua,2005,4.924
Nicaragua,2003,4.996
Niger,2016,3.864
Niger,2015,0.433
Niger,2014,0.472
Niger,2013,0.272
Niger,2009,0.511
Niger,2008,0.277
Niger,2004,0.189
Nigeria,2018,0.226
Nigeria,2016,3.806
Nigeria,2013,4.494
Nigeria,2009,3.828
Nigeria,2008,3.782
Nigeria,2007,3.762
Nigeria,2006,3.784
Nigeria,2005,3.481
Nigeria,2003,2.824
Niue,2008,2.648
Niue,2006,18.75
Niue,2004,23.529
Niue,2003,23.529
Niue,1996,23.529
Norway,2018,14.286
Norway,2017,29.164
Norway,2016,28.342
Norway,2015,26.983
Norway,2014,26.474
Norway,2013,26.832
Norway,2012,25.991
Norway,2011,25.532
Norway,2010,25.441
Norway,2009,24.949
Norway,2008,24.756
Norway,2007,24.077
Norway,2006,24.069
Norway,2005,23.597
Norway,2004,22.96
Norway,2003,22.115
Norway,2002,21.015
Norway,1998,20.548
Norway,1993,5.288
Oman,2018,3.755
Oman,2017,20.031
Oman,2016,19.572
Oman,2015,19.249
Oman,2014,20.889
Oman,2013,21.481
Oman,2012,20.381
Oman,2011,20.169
Oman,2010,19.464
Oman,2009,19.274
Oman,2008,19.341
Oman,2007,18.88
Oman,2006,18.471
Oman,2005,17.743
Oman,2004,16.653
Oman,2000,15.829
Oman,1999,14.365
Oman,1998,9.641
Oman,1997,9.321
Oman,1995,8.539
Oman,1990,11.237
Oman,1985,7.952
Oman,1980,
Oman,1975,
Pakistan,2018,
Pakistan,2017,9.801
Pakistan,2016,10.005
Pakistan,2015,9.62
Pakistan,2014,9.262
Pakistan,2013,8.972
Pakistan,2012,8.771
Pakistan,2011,8.59
Pakistan,2010,8.311
Pakistan,2009,8.076
Pakistan,2008,7.951
Pakistan,2007,7.806
Pakistan,2005,7.619
Pakistan,2004,7.882
Pakistan,2001,7.423
Pakistan,2000,6.593
Pakistan,1999,6.451
Pakistan,1998,6.284
Pakistan,1997,6.132
Pakistan,1996,5.987
Pakistan,1995,5.829
Pakistan,1994,5.63
Pakistan,1993,5.5
Pakistan,1992,5.381
Palau,2014,5.271
Palau,2010,14.205
Palau,2009,16.111
Palau,2006,15.847
Palau,1998,13.333
Panama,2016,14.13
Panama,2013,15.687
Panama,2012,15.821
Panama,2011,15.979
Panama,2010,14.976
Panama,2009,14.058
Panama,2008,13.092
Panama,2007,13.808
Panama,2006,13.032
Panama,2005,13.489
Panama,2004,13.477
Panama,2003,13.216
Panama,2002,13.403
Panama,2001,13.346
Panama,1999,12.439
Panama,1998,12.325
Panama,1997,11.932
Panama,1996,12.033
Panama,1995,12.055
Panama,1994,11.666
Panama,1993,11.255
Panama,1992,11.777
Panama,1991,11.441
Panama,1990,11.22
Papua New Guinea,2018,11.13
Papua New Guinea,2010,0.699
Papua New Guinea,2008,0.514
Papua New Guinea,2000,0.477
Paraguay,2018,0.47
Paraguay,2012,13.544
Paraguay,2002,12.774
Peru,2016,11.488
Peru,2012,13.048
Peru,2009,11.411
Peru,2007,9.472
Peru,1999,16.648
Philippines,2017,11.427
Philippines,2010,6.004
Philippines,2009,12.717
Philippines,2008,12.632
Philippines,2007,12.558
Philippines,2006,12.441
Philippines,2005,12.361
Philippines,2004,12.289
Philippines,2003,11.08
Philippines,2002,12.256
Philippines,2001,11.107
Philippines,2000,12.201
Poland,2017,12.185
Poland,2016,23.788
Poland,2015,24.146
Poland,2014,23.252
Poland,2013,23.02
Poland,2012,22.34
Poland,2011,22.242
Poland,2010,21.997
Poland,2009,21.707
Poland,2008,21.593
Poland,2007,21.482
Poland,2006,21.776
Poland,2005,21.671
Poland,2004,21.267
Poland,2003,22.771
Poland,2002,24.188
Poland,2001,22.882
Poland,2000,22.504
Poland,1999,22.053
Poland,1998,22.693
Poland,1997,23.36
Poland,1996,23.64
Poland,1995,23.586
Poland,1994,23.251
Poland,1993,22.848
Poland,1992,22.288
Poland,1991,21.919
Poland,1990,21.775
Poland,1989,21.507
Poland,1988,
Portugal,2017,
Portugal,2016,51.24
Portugal,2015,49.397
Portugal,2014,47.487
Portugal,2013,45.567
Portugal,2012,43.932
Portugal,2011,42.361
Portugal,2010,41.178
Portugal,2009,39.756
Portugal,2008,38.479
Portugal,2007,37.405
Portugal,2006,36.483
Portugal,2005,35.654
Portugal,2004,34.999
Portugal,2003,34.206
Portugal,2002,33.497
Portugal,2001,32.996
Portugal,2000,32.618
Portugal,1999,32.026
Portugal,1998,31.149
Portugal,1997,30.889
Portugal,1996,30.301
Portugal,1995,29.878
Portugal,1994,29.118
Portugal,1993,28.823
Portugal,1992,28.7
Portugal,1991,28.669
Portugal,1990,28.582
Portugal,1989,28.312
Portugal,1988,
Portugal,1987,
Portugal,1986,
Portugal,1985,
Portugal,1984,
Portugal,1983,
Portugal,1982,
Portugal,1981,
Portugal,1980,
Qatar,2018,
Qatar,2016,24.852
Qatar,2014,26.944
Qatar,2010,17.351
Qatar,2009,37.273
Qatar,2008,30.975
Qatar,2006,32.087
Qatar,2005,22.617
Republic of Korea,2017,24.844
Republic of Korea,2016,23.608
Republic of Korea,2015,23.037
Republic of Korea,2014,22.494
Republic of Korea,2013,22.07
Republic of Korea,2012,21.632
Republic of Korea,2011,20.798
Republic of Korea,2010,20.361
Republic of Korea,2009,19.839
Republic of Korea,2008,19.185
Republic of Korea,2007,18.407
Republic of Korea,2006,18.655
Republic of Korea,2005,18.047
Republic of Korea,2004,17.529
Republic of Moldova,2017,16.909
Republic of Moldova,2015,32.066
Republic of Moldova,2014,24.836
Republic of Moldova,2013,24.746
Republic of Moldova,2012,25.028
Republic of Moldova,2011,24.135
Republic of Moldova,2010,24.142
Republic of Moldova,2009,23.808
Republic of Moldova,2008,23.912
Republic of Moldova,2007,23.545
Republic of Moldova,2006,23.871
Republic of Moldova,2005,23.768
Republic of Moldova,2004,23.783
Republic of Moldova,2003,21.814
Republic of Moldova,2002,22.824
Republic of Moldova,2001,23.103
Republic of Moldova,2000,22.925
Republic of Moldova,1998,24.553
Republic of Moldova,1997,36.662
Republic of Moldova,1996,36.02
Republic of Moldova,1995,35.693
Republic of Moldova,1994,35.115
Republic of Moldova,1993,35.556
Republic of Moldova,1992,35.366
Republic of Moldova,1991,34.891
Republic of Moldova,1990,34.724
Republic of Moldova,1989,35.47
Republic of Moldova,1988,
Romania,2017,
Romania,2016,29.807
Romania,2013,22.565
Romania,2012,26.24
Romania,2011,25.887
Romania,2010,25.153
Romania,2009,24.804
Romania,2008,24.414
Romania,2007,24.133
Romania,2006,22.915
Romania,2005,22.104
Romania,2004,22.126
Romania,2002,22.314
Romania,2001,20.96
Romania,2000,19.816
Romania,1998,19.531
Romania,1994,18.388
Russian Federation,2015,17.353
Russian Federation,2014,37.494
Russian Federation,2013,40.114
Russian Federation,2012,40.705
Russian Federation,2011,41.303
Russian Federation,2010,66.305
Russian Federation,2009,23.93
Russian Federation,2008,23.924
Russian Federation,2007,23.812
Russian Federation,2006,23.841
Russian Federation,2005,23.721
Russian Federation,2004,23.204
Russian Federation,2003,23.099
Russian Federation,2002,23.163
Russian Federation,2001,23.193
Russian Federation,2000,22.958
Russian Federation,1999,23.225
Russian Federation,1998,23.739
Russian Federation,1997,23.702
Russian Federation,1996,23.448
Russian Federation,1995,23.372
Russian Federation,1994,23.05
Russian Federation,1993,22.661
Russian Federation,1992,22.569
Russian Federation,1991,22.521
Russian Federation,1990,42.717
Rwanda,2018,45.231
Rwanda,2017,1.34
Rwanda,2016,1.371
Rwanda,2015,1.226
Rwanda,2014,1.129
Rwanda,2013,0.909
Rwanda,2011,1.021
Saint Kitts and Nevis,2015,0.129
Saint Kitts and Nevis,2001,26.758
Saint Kitts and Nevis,1999,10.987
Saint Kitts and Nevis,1998,10.55
Saint Kitts and Nevis,1997,10.648
Saint Kitts and Nevis,1996,11.189
Saint Kitts and Nevis,1995,11.294
Saint Kitts and Nevis,1994,10.926
Saint Kitts and Nevis,1993,9.375
Saint Kitts and Nevis,1992,7.786
Saint Kitts and Nevis,1991,7.617
Saint Kitts and Nevis,1990,6.931
Saint Lucia,2017,6.948
Saint Lucia,2014,6.409
Saint Lucia,2013,26.809
Saint Lucia,2012,24.394
Saint Lucia,2011,21.392
Saint Lucia,2010,18.063
Saint Lucia,2009,16.485
Saint Lucia,2008,1.045
Saint Lucia,2007,1.588
Saint Lucia,2005,1.85
Saint Lucia,2004,5.08
Saint Lucia,2003,4.203
Saint Lucia,2002,4.673
Saint Vincent and the Grenadines,2010,4.391
Saint Vincent and the Grenadines,2004,6.648
Saint Vincent and the Grenadines,2001,9.309
Saint Vincent and the Grenadines,2000,5.746
Saint Vincent and the Grenadines,1997,8.256
Samoa,2016,9.361
Samoa,2013,3.445
Samoa,2012,4.824
Samoa,2010,3.808
Samoa,2008,3.443
Samoa,2005,4.637
Samoa,2003,2.782
Samoa,1999,2.817
San Marino,2014,6.912
San Marino,2013,61.094
San Marino,2012,50.307
San Marino,2011,51.09
Sao Tome and Principe,2017,48.896
Sao Tome and Principe,2015,0.531
Sao Tome and Principe,2004,3.159
Saudi Arabia,2018,5.27
Saudi Arabia,2017,26.117
Saudi Arabia,2016,25.366
Saudi Arabia,2014,23.776
Saudi Arabia,2012,25.654
Saudi Arabia,2011,24.53
Saudi Arabia,2010,24.607
Saudi Arabia,2009,24.074
Saudi Arabia,2008,20.76
Saudi Arabia,2001,20.626
Saudi Arabia,2000,6.822
Senegal,2017,7.235
Senegal,2016,0.691
Senegal,2015,0.711
Senegal,2013,2.074
Senegal,2008,3.179
Senegal,2004,0.617
Serbia,2016,0.549
Serbia,2015,31.131
Serbia,2014,24.603
Serbia,2013,24.611
Serbia,2012,24.945
Serbia,2011,24.961
Serbia,2010,25.003
Serbia,2009,24.82
Serbia,2008,24.467
Serbia,2007,24.215
Serbia,2006,23.447
Serbia,2005,22.858
Serbia,2004,22.609
Serbia,2003,22.693
Seychelles,2016,22.114
Seychelles,2012,21.212
Seychelles,2011,10.043
Seychelles,2010,11.643
Seychelles,2009,10.953
Seychelles,2008,11.344
Seychelles,2007,7.735
Seychelles,2006,10.1
Seychelles,2005,8.38
Seychelles,2004,11.725
Sierra Leone,2011,13.844
Sierra Leone,2010,0.251
Sierra Leone,2008,0.212
Sierra Leone,2004,0.155
Singapore,2016,0.309
Singapore,2014,22.936
Singapore,2013,20.125
Singapore,2012,18.958
Singapore,2011,17.964
Singapore,2010,17.232
Singapore,2009,17.187
Singapore,2008,16.758
Singapore,2007,16.418
Singapore,2006,16.127
Singapore,2005,15.744
Singapore,2004,15.819
Singapore,2003,15.542
Singapore,2001,15.451
Singapore,1999,14.095
Slovakia,2017,13.465
Slovakia,2016,34.156
Slovakia,2015,34.664
Slovakia,2014,34.438
Slovakia,2013,34.214
Slovakia,2012,33.855
Slovakia,2011,33.598
Slovakia,2010,32.999
Slovakia,2009,33.51
Slovakia,2008,32.953
Slovakia,2007,33.561
Slovakia,2006,33.747
Slovakia,2005,31.563
Slovakia,2004,30.224
Slovakia,2003,33.061
Slovakia,2002,32.71
Slovakia,2001,33.122
Slovakia,2000,33.374
Slovakia,1999,33.475
Slovenia,2017,33.192
Slovenia,2016,30.861
Slovenia,2015,30.007
Slovenia,2014,28.148
Slovenia,2013,27.628
Slovenia,2012,26.252
Slovenia,2011,25.406
Slovenia,2010,24.965
Slovenia,2009,24.367
Slovenia,2008,24.167
Slovenia,2007,23.994
Slovenia,2006,23.925
Slovenia,2005,23.672
Slovenia,2004,23.519
Slovenia,2003,23.058
Slovenia,2002,22.561
Slovenia,2001,22.342
Slovenia,2000,21.761
Slovenia,1998,21.527
Solomon Islands,2016,21.812
Solomon Islands,2013,1.937
Solomon Islands,2012,1.873
Solomon Islands,2011,1.546
Solomon Islands,2008,2.013
Solomon Islands,2005,1.768
Solomon Islands,2003,1.894
Solomon Islands,1999,1.342
Somalia,2014,1.345
Somalia,2006,0.23
South Africa,2017,0.279
South Africa,2016,9.054
South Africa,2015,7.997
South Africa,2014,7.814
South Africa,2013,7.541
South Africa,2011,7.422
South Africa,2010,7.179
South Africa,2009,7.341
South Africa,2008,7.074
South Africa,2007,6.968
South Africa,2004,6.988
Spain,2017,7.365
Spain,2016,38.723
Spain,2015,38.112
Spain,2014,32.166
Spain,2013,31.657
Spain,2012,31.425
Spain,2011,31.396
Spain,2010,30.473
Spain,2009,30.292
Spain,2008,30.395
Spain,2007,29.847
Spain,2006,28.747
Spain,2005,28.206
Spain,2004,27.605
Spain,2003,34.135
Spain,2002,31.928
Spain,2001,30.932
Spain,2000,31.002
Spain,1999,31.158
Spain,1998,30.454
Spain,1997,29.244
Spain,1996,28.691
Spain,1995,27.462
Spain,1994,40.88
Spain,1993,40.87
Spain,1992,40.292
Spain,1991,39.608
Spain,1990,39.01
Spain,1989,20.305
Spain,1988,
Spain,1987,
Spain,1986,
Spain,1985,
Spain,1984,
Spain,1983,
Spain,1982,
Spain,1981,
Spain,1980,
Spain,1979,
Spain,1978,
Spain,1977,
Spain,1976,
Spain,1975,
Sri Lanka,2018,
Sri Lanka,2017,10.041
Sri Lanka,2016,9.277
Sri Lanka,2015,8.925
Sri Lanka,2014,8.624
Sri Lanka,2013,8.364
Sri Lanka,2012,7.983
Sri Lanka,2011,7.645
Sri Lanka,2010,7.391
Sri Lanka,2009,7.239
Sri Lanka,2008,6.826
Sri Lanka,2007,6.244
Sri Lanka,2006,5.555
Sri Lanka,2005,5.219
Sri Lanka,2004,5.218
Sri Lanka,2001,5.405
Sri Lanka,2000,4.433
Sri Lanka,1999,4.241
Sri Lanka,1998,3.747
Sri Lanka,1997,3.462
Sri Lanka,1996,3.047
Sri Lanka,1995,2.786
Sri Lanka,1994,2.218
Sri Lanka,1993,1.849
Sri Lanka,1992,2.071
Sri Lanka,1991,1.654
Sri Lanka,1988,1.391
Sri Lanka,1986,
Sri Lanka,1980,
Sudan,2017,
Sudan,2015,2.618
Sudan,2014,4.073
Sudan,2008,1.903
Sudan,2007,3.271
Sudan,2006,3.503
Sudan,2004,3.5
Suriname,2018,2.499
Suriname,2017,12.101
Suriname,2016,11.849
Suriname,2015,11.312
Suriname,2009,10.463
Suriname,2004,7.054
Suriname,2000,8.102
Sweden,2016,4.056
Sweden,2015,39.84
Sweden,2014,42.856
Sweden,2013,42.037
Sweden,2012,41.259
Sweden,2011,40.368
Sweden,2010,39.569
Sweden,2009,38.779
Sweden,2008,38.065
Sweden,2007,37.353
Sweden,2006,36.76
Sweden,2005,35.96
Sweden,2004,35.107
Sweden,2003,34.378
Sweden,2002,33.509
Sweden,2001,32.797
Sweden,2000,31.767
Sweden,1999,30.731
Sweden,1998,30.048
Sweden,1997,29.565
Sweden,1996,28.873
Sweden,1995,28.724
Switzerland,2017,28.47
Switzerland,2016,42.957
Switzerland,2015,42.473
Switzerland,2014,41.898
Switzerland,2013,41.171
Switzerland,2012,40.303
Switzerland,2011,39.102
Switzerland,2010,38.355
Switzerland,2009,38.166
Switzerland,2008,38.476
Switzerland,2007,38.298
Switzerland,2006,38.518
Switzerland,2005,38.589
Switzerland,2004,38.207
Switzerland,2003,37.88
Switzerland,2002,37.516
Switzerland,2001,35.9
Switzerland,2000,35.373
Switzerland,1996,35.298
Syrian Arab Republic,2016,32.278
Syrian Arab Republic,2014,12.874
Syrian Arab Republic,2010,15.513
Syrian Arab Republic,2009,14.602
Syrian Arab Republic,2008,14.113
Syrian Arab Republic,2007,14.858
Syrian Arab Republic,2005,14.882
Syrian Arab Republic,2004,15.384
Syrian Arab Republic,2003,14.522
Syrian Arab Republic,2002,14.053
Syrian Arab Republic,2000,14.676
Syrian Arab Republic,1999,13.654
Syrian Arab Republic,1998,13.359
Syrian Arab Republic,1997,13.39
Tajikistan,2014,12.967
Tajikistan,2013,21.026
Tajikistan,2012,28.691
Tajikistan,2011,28.77
Tajikistan,2010,17.209
Tajikistan,2009,16.975
Tajikistan,2008,16.439
Tajikistan,2007,19.292
Tajikistan,2006,18.962
Tajikistan,2005,19.166
Tajikistan,2004,19.548
Tajikistan,2003,19.512
Tajikistan,2002,19.396
Tajikistan,2001,20.41
Tajikistan,2000,21.241
Tajikistan,1999,21.717
Tajikistan,1998,21.186
Tajikistan,1997,20.823
Tajikistan,1996,19.832
Tajikistan,1995,20.446
Tajikistan,1994,20.996
Tajikistan,1993,22.253
Tajikistan,1992,21.69
Tajikistan,1991,23.755
Tajikistan,1990,26.219
Tajikistan,1989,25.599
Tajikistan,1988,
Thailand,2018,
Thailand,2017,8.05
Thailand,2016,8.075
Thailand,2015,4.45
Thailand,2010,4.651
Thailand,2009,3.906
Thailand,2008,3.387
Thailand,2007,3.164
Thailand,2006,2.959
Thailand,2004,2.875
Thailand,2002,2.911
Thailand,2001,2.964
Thailand,1999,2.982
Thailand,1998,2.912
Thailand,1997,2.915
Thailand,1995,2.723
Thailand,1993,2.385
Thailand,1991,2.337
Thailand,1989,2.237
Thailand,1987,
Thailand,1985,
Thailand,1983,
Thailand,1981,
Thailand,1979,
Thailand,1977,
Thailand,1975,
Republic of North Macedonia,2015,
Republic of North Macedonia,2013,28.736
Republic of North Macedonia,2012,27.956
Republic of North Macedonia,2011,27.744
Republic of North Macedonia,2010,27.257
Republic of North Macedonia,2009,26.759
Republic of North Macedonia,2008,25.926
Republic of North Macedonia,2007,25.947
Republic of North Macedonia,2006,24.46
Republic of North Macedonia,2005,25.142
Republic of North Macedonia,2004,21.317
Republic of North Macedonia,2003,21.828
Republic of North Macedonia,2002,21.662
Republic of North Macedonia,2001,22.319
Republic of North Macedonia,2000,21.828
Republic of North Macedonia,1999,21.894
Republic of North Macedonia,1998,21.779
Republic of North Macedonia,1997,22.404
Republic of North Macedonia,1996,22.459
Republic of North Macedonia,1995,22.318
Republic of North Macedonia,1994,22.705
Republic of North Macedonia,1993,21.941
Republic of North Macedonia,1992,21.991
Republic of North Macedonia,1991,22.95
Republic of North Macedonia,1990,22.51
Republic of North Macedonia,1989,22.022
Republic of North Macedonia,1988,
Republic of North Macedonia,1987,
Republic of North Macedonia,1986,
Republic of North Macedonia,1985,
Republic of North Macedonia,1984,
Republic of North Macedonia,1983,
Republic of North Macedonia,1982,
Republic of North Macedonia,1981,
Republic of North Macedonia,1980,
Timor-Leste,2018,
Timor-Leste,2017,7.224
Timor-Leste,2015,7.504
Timor-Leste,2014,6.946
Timor-Leste,2013,6.821
Togo,2018,6.174
Togo,2017,0.774
Togo,2016,0.299
Togo,2015,0.128
Togo,2010,0.493
Togo,2008,2.554
Togo,2007,0.574
Togo,2004,0.49
Tonga,2013,0.446
Tonga,2010,5.403
Tonga,2009,5.577
Tonga,2008,5.967
Tonga,2002,5.513
Tonga,2001,3.03
Trinidad and Tobago,2018,3.553
Trinidad and Tobago,2017,41.675
Trinidad and Tobago,2015,33.646
Trinidad and Tobago,2011,26.498
Trinidad and Tobago,2010,18.193
Trinidad and Tobago,2009,18.086
Trinidad and Tobago,2007,15.081
Trinidad and Tobago,2006,11.792
Trinidad and Tobago,2003,12.222
Trinidad and Tobago,2002,8.087
Trinidad and Tobago,2001,8.252
Trinidad and Tobago,2000,9.704
Trinidad and Tobago,1999,10.062
Trinidad and Tobago,1998,9.265
Trinidad and Tobago,1997,9.392
Trinidad and Tobago,1996,7.533
Trinidad and Tobago,1995,7.61
Tunisia,2017,9.432
Tunisia,2016,13.025
Tunisia,2015,12.834
Tunisia,2014,13.108
Tunisia,2010,12.769
Tunisia,2008,12.22
Tunisia,2007,11.074
Tunisia,2005,10.242
Tunisia,2004,9.322
Tunisia,2003,13.3
Tunisia,2002,8.234
Tunisia,2001,8.068
Tunisia,2000,7.93
Tunisia,1999,7.668
Tunisia,1998,7.436
Tunisia,1997,7.17
Tunisia,1996,6.88
Tunisia,1995,6.665
Tunisia,1994,6.537
Tunisia,1993,5.959
Tunisia,1992,5.977
Tunisia,1991,5.92
Tunisia,1990,5.339
Turkey,2017,5.367
Turkey,2016,18.492
Turkey,2015,18.142
Turkey,2014,17.988
Turkey,2013,17.56
Turkey,2012,17.619
Turkey,2011,17.384
Turkey,2010,17.16
Turkey,2009,17.068
Turkey,2008,16.635
Turkey,2007,16.068
Turkey,2006,15.579
Turkey,2005,15.195
Turkey,2004,14.852
Turkey,2003,14.492
Turkey,2002,14.294
Turkey,2001,14.114
Turkey,2000,13.99
Turkey,1999,13.479
Turkey,1998,12.789
Turkey,1997,12.243
Turkey,1996,11.851
Turkey,1995,11.631
Turkey,1994,11.597
Turkey,1993,11.436
Turkey,1992,10.776
Turkey,1991,10.222
Turkey,1990,9.935
Turkey,1989,9.391
Turkey,1988,
Turkey,1987,
Turkey,1986,
Turkey,1985,
Turkey,1984,
Turkey,1983,
Turkey,1982,
Turkey,1981,
Turkey,1980,
Turkey,1979,
Turkey,1978,
Turkey,1977,
Turkey,1976,
Turkey,1975,
Turkmenistan,2014,
Turkmenistan,2013,22.247
Turkmenistan,2012,22.125
Turkmenistan,2011,22.375
Turkmenistan,2010,22.841
Turkmenistan,2009,22.743
Turkmenistan,2008,22.911
Turkmenistan,2007,23.026
Turkmenistan,2006,23.414
Turkmenistan,2005,23.923
Turkmenistan,2004,25.038
Turkmenistan,2003,26.13
Turkmenistan,2002,26.651
Turkmenistan,2001,70.946
Turkmenistan,2000,27.681
Uganda,2017,27.475
Uganda,2015,1.68
Uganda,2012,0.954
Uganda,2005,0.975
Uganda,2004,1.214
Ukraine,2014,0.824
Ukraine,2013,29.923
Ukraine,2012,34.965
Ukraine,2011,34.91
Ukraine,2010,34.842
Ukraine,2009,34.83
Ukraine,2008,34.904
Ukraine,2007,31.177
Ukraine,2006,30.885
Ukraine,2005,30.838
Ukraine,2004,30.181
Ukraine,2003,30.161
Ukraine,2002,30.096
Ukraine,2001,30.188
Ukraine,2000,30.279
United Arab Emirates,2018,30.295
United Arab Emirates,2017,25.278
United Arab Emirates,2016,24.356
United Arab Emirates,2015,23.71
United Arab Emirates,2014,22.111
United Arab Emirates,2013,19.953
United Arab Emirates,2012,17.413
United Arab Emirates,2011,14.767
United Arab Emirates,2010,14.369
United Arab Emirates,2009,14.195
United Arab Emirates,2008,15.177
United Arab Emirates,2007,16.405
United Arab Emirates,2006,14.053
United Arab Emirates,2005,13.298
United Arab Emirates,2004,15.193
United Arab Emirates,2003,19.176
United Arab Emirates,2002,20.763
United Arab Emirates,2001,20.027
United Arab Emirates,2000,19.829
United Kingdom of Great Britain and Northern Ireland,2018,18.015
United Kingdom of Great Britain and Northern Ireland,2017,28.117
United Kingdom of Great Britain and Northern Ireland,2016,27.863
United Kingdom of Great Britain and Northern Ireland,2015,27.563
United Kingdom of Great Britain and Northern Ireland,2014,27.465
United Kingdom of Great Britain and Northern Ireland,2013,27.149
United Kingdom of Great Britain and Northern Ireland,2012,26.774
United Kingdom of Great Britain and Northern Ireland,2011,26.667
United Kingdom of Great Britain and Northern Ireland,2010,26.603
United Kingdom of Great Britain and Northern Ireland,2009,26.265
United Kingdom of Great Britain and Northern Ireland,2008,26.279
United Kingdom of Great Britain and Northern Ireland,2007,25.543
United Kingdom of Great Britain and Northern Ireland,2006,24.844
United Kingdom of Great Britain and Northern Ireland,2005,24.59
United Kingdom of Great Britain and Northern Ireland,2004,24.12
United Kingdom of Great Britain and Northern Ireland,2003,23.357
United Kingdom of Great Britain and Northern Ireland,2002,22.04
United Kingdom of Great Britain and Northern Ireland,2001,21.146
United Kingdom of Great Britain and Northern Ireland,2000,20.416
United Kingdom of Great Britain and Northern Ireland,1999,19.913
United Kingdom of Great Britain and Northern Ireland,1998,19.106
United Kingdom of Great Britain and Northern Ireland,1997,18.963
United Kingdom of Great Britain and Northern Ireland,1996,18.528
United Kingdom of Great Britain and Northern Ireland,1995,17.97
United Kingdom of Great Britain and Northern Ireland,1994,17.573
United Kingdom of Great Britain and Northern Ireland,1993,16.984
United Kingdom of Great Britain and Northern Ireland,1992,16.849
United Kingdom of Great Britain and Northern Ireland,1991,16.48
United Kingdom of Great Britain and Northern Ireland,1990,16.349
United Kingdom of Great Britain and Northern Ireland,1989,16.204
United Kingdom of Great Britain and Northern Ireland,1988,
United Kingdom of Great Britain and Northern Ireland,1987,
United Kingdom of Great Britain and Northern Ireland,1986,
United Kingdom of Great Britain and Northern Ireland,1985,
United Kingdom of Great Britain and Northern Ireland,1984,
United Kingdom of Great Britain and Northern Ireland,1983,
United Kingdom of Great Britain and Northern Ireland,1982,
United Kingdom of Great Britain and Northern Ireland,1981,
United Kingdom of Great Britain and Northern Ireland,1980,
United Republic of Tanzania,2016,
United Republic of Tanzania,2014,0.14
United Republic of Tanzania,2012,0.603
United Republic of Tanzania,2002,0.315
United States of America,2017,0.233
United States of America,2016,26.12
United States of America,2015,25.881
United States of America,2014,25.781
United States of America,2013,25.74
United States of America,2012,25.596
United States of America,2011,24.985
United States of America,2010,24.641
United States of America,2009,24.354
United States of America,2008,24.471
United States of America,2007,24.412
United States of America,2006,24.358
United States of America,2005,24.285
United States of America,2004,24.356
United States of America,2000,27.147
United States of America,1995,25.942
United States of America,1985,24.385
Uruguay,2017,
Uruguay,2016,50.794
Uruguay,2008,39.558
Uruguay,2002,39.51
Uzbekistan,2014,37.234
Uzbekistan,2013,23.742
Uzbekistan,2012,24.044
Uzbekistan,2011,24.451
Uzbekistan,2010,25.036
Uzbekistan,2009,25.432
Uzbekistan,2008,25.706
Uzbekistan,2007,26.048
Uzbekistan,2006,26.329
Uzbekistan,2005,26.515
Uzbekistan,2004,26.701
Uzbekistan,2003,27.21
Uzbekistan,2002,27.816
Uzbekistan,2001,28.456
Uzbekistan,2000,29.09
Uzbekistan,1998,29.628
Uzbekistan,1997,30.747
Uzbekistan,1996,31.047
Uzbekistan,1995,31.575
Uzbekistan,1994,32.558
Uzbekistan,1993,33.144
Uzbekistan,1992,33.447
Uzbekistan,1991,33.741
Uzbekistan,1990,33.804
Uzbekistan,1989,33.911
Uzbekistan,1988,
Vanuatu,2016,
Vanuatu,2012,1.653
Vanuatu,2008,1.844
Vanuatu,2007,1.157
Vanuatu,2004,1.185
Vanuatu,1997,1.47
Venezuela (Bolivarian Republic of),2001,1.144
Viet Nam,2016,19.475
Viet Nam,2015,8.281
Viet Nam,2014,7.963
Viet Nam,2012,7.83
Viet Nam,2010,8.209
Viet Nam,2009,7.1
Viet Nam,2008,6.982
Viet Nam,2007,6.648
Viet Nam,2006,6.415
Viet Nam,2005,6.239
Viet Nam,2002,6.139
Viet Nam,2001,5.514
West Bank and Gaza Strip,2018,5.242
West Bank and Gaza Strip,2017,
West Bank and Gaza Strip,2014,
Yemen,2014,
Yemen,2009,5.251
Yemen,2008,3.165
Yemen,2004,3.156
Yemen,1997,3.449
Zambia,2018,2.387
Zambia,2016,11.867
Zambia,2012,1.628
Zambia,2011,1.658
Zambia,2010,1.649
Zambia,2009,0.614
Zambia,2008,0.606
Zambia,2006,0.619
Zambia,2005,0.533
Zambia,2004,0.545
Zimbabwe,2018,1.298
Zimbabwe,2017,2.096
Zimbabwe,2016,1.859
Zimbabwe,2015,1.788
Zimbabwe,2014,1.815
Zimbabwe,2013,1.24
Zimbabwe,2012,0.834
Zimbabwe,2011,0.807
Zimbabwe,2010,0.817
Zimbabwe,2009,1.272
Zimbabwe,2008,1.21
Zimbabwe,2007,0.596
Zimbabwe,2005,0.544
Zimbabwe,2004,1.255
Zimbabwe,2000,1.735
Zimbabwe,1995,1.262
Zimbabwe,1990,1.428
Zimbabwe,1985,1.265
